screen_rank,column,domain,nonmissing_count,missing_rate,category_count,test_method,chi_square,p_value,effect_size,rf_importance,effect_rank,rf_rank,combined_rank,significant_0_05
1,family_r,가족·가구,11532,0.004231068128831672,8,카이제곱 검정 / Cramér's V,1282.118571454457,1.227024493292979e-272,0.3334354558429347,0.08275087377556353,1.0,1.0,2.0,True
2,a2_relation,가족·가구,11500,0.006994214661946274,7,카이제곱 검정 / Cramér's V,910.9341791900113,1.6253516310278233e-193,0.2814456746081793,0.06029848895341992,4.0,2.0,6.0,True
3,k12q12,건강·의료 관련,10992,0.05085916587514028,2,카이제곱 검정 / Cramér's V,521.2238066288243,2.292382847891758e-115,0.21775782093823703,0.04562274634716996,6.0,3.0,9.0,True
4,instype,기타 설문 항목,11456,0.01079354114497888,4,카이제곱 검정 / Cramér's V,522.1379666064694,7.600518826783094e-113,0.21348931034725827,0.038524695947145554,7.0,4.0,11.0,True
5,everhomeless,주거·동네·경제,11531,0.004317416457991552,3,카이제곱 검정 / Cramér's V,1064.2170070021946,8.094931082634138e-232,0.30379569228705655,0.02769258989260889,3.0,8.0,11.0,True
6,a1_relation,가족·가구,11541,0.003453933166393197,6,카이제곱 검정 / Cramér's V,649.2460178507338,4.6074060387752066e-138,0.2371826553082979,0.028337803364350055,5.0,7.0,12.0,True
7,a1_marital,가족·가구,11493,0.0075986529660651,6,카이제곱 검정 / Cramér's V,489.16079767277927,1.7447750858369625e-103,0.20630469848030808,0.02875661635716862,8.0,6.0,14.0,True
8,k11q43r,건강·의료 관련,11334,0.02132803730247823,11,카이제곱 검정 / Cramér's V,1052.71023485949,8.224088769653646e-220,0.30476340597407436,0.020052021622286014,2.0,12.0,14.0,True
9,foodsit,경제·지원,11543,0.0032812365080735484,4,카이제곱 검정 / Cramér's V,437.9769858086642,1.3126829856718715e-94,0.19478983843661357,0.02358870236083022,9.0,10.0,19.0,True
10,k4q22_r,건강·의료 관련,11556,0.002158708228995776,3,카이제곱 검정 / Cramér's V,398.0576660739101,3.6549048262276285e-87,0.18559626391849732,0.02532072750334144,11.0,9.0,20.0,True
11,k11q62,건강·의료 관련,11519,0.0053535964079095555,2,카이제곱 검정 / Cramér's V,323.162934936688,2.964530646522233e-72,0.1674955922176315,0.03534260828609277,16.0,5.0,21.0,True
12,k12q03,건강·의료 관련,10992,0.05085916587514028,2,카이제곱 검정 / Cramér's V,333.38359451833196,1.7613560724820038e-74,0.17415411977425646,0.021059132755297697,13.0,11.0,24.0,True
13,k11q61,건강·의료 관련,11523,0.005008203091270147,2,카이제곱 검정 / Cramér's V,397.4123719601797,2.014806131095402e-88,0.18571112061778242,0.01299087576716423,10.0,14.0,24.0,True
14,k2q34a,건강·의료 관련,11562,0.0016406182540368297,2,카이제곱 검정 / Cramér's V,317.3723476993804,5.410882093477002e-71,0.16567922703371066,0.013026854255414722,17.0,13.0,30.0,True
15,homeevic,주거·동네·경제,11561,0.0017269665831965986,5,카이제곱 검정 / Cramér's V,348.11416371305637,4.478674480711931e-74,0.1735254368028881,0.01091092233976651,14.0,17.0,31.0,True
16,k7q04r_r,학교·사회생활,8656,0.252568862792505,3,카이제곱 검정 / Cramér's V,194.89623069200857,4.77332750927492e-43,0.15005245181672877,0.01132959801077403,20.0,15.0,35.0,True
17,k2q33a,건강·의료 관련,11513,0.005871686382868502,2,카이제곱 검정 / Cramér's V,243.2534289512762,7.679487826852018e-55,0.1453567597065848,0.011067455285137258,22.0,16.0,38.0,True
18,memorycond,기타 설문 항목,8694,0.24928762628443135,2,카이제곱 검정 / Cramér's V,222.53472168940817,2.532271178166077e-50,0.15998861303848882,0.008417879749693076,18.0,21.0,39.0,True
19,a2_marital,가족·가구,9885,0.1464467662550729,6,카이제곱 검정 / Cramér's V,306.25145545787484,4.534451505861377e-64,0.17601543118132537,0.006710422760035429,12.0,27.0,39.0,True
20,missmortgage,주거·동네·경제,11544,0.0031948881789137795,3,카이제곱 검정 / Cramér's V,235.37520635580634,7.743251251902971e-52,0.14279144806314337,0.009551722775840857,23.0,19.0,42.0,True
21,bullied_r,학교·사회생활,8702,0.24859683965115276,5,카이제곱 검정 / Cramér's V,195.9756513947287,2.7542907961771665e-41,0.15006918323150856,0.007356739470962549,19.0,23.0,42.0,True
22,famcount,가족·가구,11480,0.008721181245142873,8,카이제곱 검정 / Cramér's V,246.40091599138424,1.6162391994791995e-49,0.14650424712047294,0.007936065667921518,21.0,22.0,43.0,True
23,higrade_tvis,기타 설문 항목,11581,0.0,4,카이제곱 검정 / Cramér's V,226.54368467432693,7.728308857274118e-49,0.1398630353357873,0.01083893671816792,27.0,18.0,45.0,True
24,howmuch,기타 설문 항목,11513,0.005871686382868502,6,카이제곱 검정 / Cramér's V,214.77133585904195,1.958088837752382e-44,0.1365821380559904,0.00943459006471352,30.0,20.0,50.0,True
25,k7q83_r,학교·사회생활,8678,0.25066919955098865,4,카이제곱 검정 / Cramér's V,167.74368806645947,3.9061631373188e-36,0.13903151997890464,0.007158365607477045,28.0,24.0,52.0,True
26,bully,학교·사회생활,8701,0.24868318798031253,5,카이제곱 검정 / Cramér's V,171.9134850632521,4.062228029714406e-36,0.14056279619435044,0.006554807387887119,26.0,28.0,54.0,True
27,a1_physhealth,가족·가구,11513,0.005871686382868502,5,카이제곱 검정 / Cramér's V,213.2691767298106,5.261851016402532e-45,0.13610365680793388,0.006727154638776714,31.0,26.0,57.0,True
28,hhcount,가족·가구,11581,0.0,9,카이제곱 검정 / Cramér's V,189.25056676749134,1.1707710763933263e-36,0.12783376014544778,0.006859259297449213,35.0,25.0,60.0,True
29,a1_grade,가족·가구,11581,0.0,9,카이제곱 검정 / Cramér's V,199.07524348081807,1.0007473361900225e-38,0.13110993345912098,0.006201804157929123,33.0,31.0,64.0,True
30,grades,학교·사회생활,8692,0.2494603229427511,6,카이제곱 검정 / Cramér's V,153.13043816821207,2.8776577231290425e-31,0.13273055299070075,0.005770037993616885,32.0,33.0,65.0,True
31,a1_menthealth,가족·가구,11520,0.005267248078749676,5,카이제곱 검정 / Cramér's V,174.24417379782415,1.2836398214065154e-36,0.1229852117485631,0.006258677972399757,39.0,30.0,69.0,True
32,a2_physhealth,가족·가구,9910,0.14428805802607725,5,카이제곱 검정 / Cramér's V,200.48741673316908,2.951743768351426e-42,0.14223508373365334,0.004833299840062551,24.0,45.0,69.0,True
33,makefriend,학교·사회생활,8702,0.24859683965115276,3,카이제곱 검정 / Cramér's V,144.5638726891434,4.0583911687989474e-32,0.12889033352062015,0.0056432836121268195,34.0,36.0,70.0,True
34,hcability,기타 설문 항목,11522,0.005094551420430027,5,카이제곱 검정 / Cramér's V,173.29776960341485,2.0493392703514467e-36,0.12264011559045786,0.00596050083857276,41.0,32.0,73.0,True
35,a2_menthealth,가족·가구,9907,0.14454710301355667,5,카이제곱 검정 / Cramér's V,196.5005527043395,2.124119077272595e-41,0.14083506762082137,0.004695927244950299,25.0,51.0,76.0,True
36,a1_employed_r,가족·가구,11500,0.006994214661946274,6,카이제곱 검정 / Cramér's V,181.1483579533794,3.042121596604931e-37,0.1255070959204332,0.0051052386479971765,37.0,42.0,79.0,True
37,k8q31,학교·사회생활,11558,0.001986011570676127,5,카이제곱 검정 / Cramér's V,146.0001460362934,1.4645468125012767e-30,0.11239197425910322,0.005649414557543059,48.0,35.0,83.0,True
38,k7q82_r,학교·사회생활,8694,0.24928762628443135,4,카이제곱 검정 / Cramér's V,118.82387760322747,1.382689375889479e-25,0.11690741088351868,0.005165524150274723,44.0,40.0,84.0,True
39,a2_grade,가족·가구,9906,0.14463345134271655,9,카이제곱 검정 / Cramér's V,159.16898068074636,2.3861645327272535e-30,0.12675936522718528,0.004753088354187118,36.0,48.0,84.0,True
40,k2q32a,건강·의료 관련,11523,0.005008203091270147,2,카이제곱 검정 / Cramér's V,345.7051105526281,3.65114367350761e-77,0.17320886622347384,0.003607359406267514,15.0,70.0,85.0,True
41,tenure,가족·가구,11581,0.0,4,카이제곱 검정 / Cramér's V,144.800847823984,3.484895879001753e-31,0.11181820634640824,0.00560967096183103,50.0,37.0,87.0,True
42,c4q04,기타 설문 항목,11539,0.003626629824712846,4,카이제곱 검정 / Cramér's V,168.32087718118157,2.931922789194064e-36,0.12077718585491769,0.004830081914969091,43.0,46.0,89.0,True
43,k2q31a,건강·의료 관련,11506,0.006476124686987328,2,카이제곱 검정 / Cramér's V,173.47705228220076,1.287619056909869e-39,0.12278882179461242,0.004702881888869931,40.0,50.0,90.0,True
44,screentime,생활습관,11543,0.0032812365080735484,5,카이제곱 검정 / Cramér's V,102.46275735770095,2.9405355141278683e-21,0.09421578513936739,0.006277662665949023,64.0,29.0,93.0,True
45,k7q84_r,학교·사회생활,8699,0.24885588463863229,4,카이제곱 검정 / Cramér's V,109.69700172146585,1.275094717016505e-23,0.11229559311201445,0.004850923976779115,49.0,44.0,93.0,True
46,k7q70_r,학교·사회생활,8706,0.24825144633451346,4,카이제곱 검정 / Cramér's V,111.90601697571694,4.266916122586541e-24,0.11337502289387283,0.0048065637960825495,46.0,47.0,93.0,True
47,k8q32,학교·사회생활,11539,0.003626629824712846,5,카이제곱 검정 / Cramér's V,111.35688256702059,3.7374732051712905e-23,0.09823685391321664,0.005752103608448974,60.0,34.0,94.0,True
48,k2q01_d,건강·의료 관련,11559,0.0018996632415162473,6,카이제곱 검정 / Cramér's V,122.36494995241966,9.901396036752704e-25,0.10288886741199589,0.005200335629470955,55.0,39.0,94.0,True
49,sugardrink,생활습관,11529,0.004490113116311201,6,카이제곱 검정 / Cramér's V,118.18547111513487,7.60313396337119e-24,0.10124794699316143,0.0049769449105186055,56.0,43.0,99.0,True
50,k4q23,건강·의료 관련,11425,0.013470339348933602,2,카이제곱 검정 / Cramér's V,153.72131756022708,2.6646020596313306e-35,0.11599491332702554,0.004461325812530956,45.0,54.0,99.0,True
51,k3q25,기타 설문 항목,8763,0.24332959157240308,2,카이제곱 검정 / Cramér's V,103.2389583423915,2.9706665771645077e-24,0.10854139554935846,0.004677557373370264,51.0,52.0,103.0,True
52,k7q85_r,학교·사회생활,8699,0.24885588463863229,4,카이제곱 검정 / Cramér's V,111.67428540568919,4.786209380930667e-24,0.11330313475593352,0.004294817187083749,47.0,56.0,103.0,True
53,hoursleep,생활습관,8717,0.24730161471375534,7,카이제곱 검정 / Cramér's V,67.93035130564769,1.0856957994382231e-12,0.08827717106632223,0.004710346243643254,70.0,49.0,119.0,True
54,k8q34,학교·사회생활,11532,0.004231068128831672,5,카이제곱 검정 / Cramér's V,86.06919573888251,8.99716425222099e-18,0.08639160759525799,0.004607179775572916,73.0,53.0,126.0,True
55,wktosolve,기타 설문 항목,11490,0.007857697953544629,4,카이제곱 검정 / Cramér's V,103.02085743156209,3.482278946615849e-22,0.09468966187187546,0.003823619562689405,63.0,63.0,126.0,True
56,a2_employed_r,가족·가구,9916,0.1437699680511182,6,카이제곱 검정 / Cramér's V,145.66005645948755,1.1196021399397377e-29,0.12119982086289242,0.0030912394886285464,42.0,88.0,130.0,True
57,ssi,경제·지원,11569,0.0010361799499180036,2,카이제곱 검정 / Cramér's V,216.69185447870944,4.7642971587679445e-49,0.1368590063857582,0.0025306843859082316,29.0,103.0,132.0,True
58,k2q01,건강·의료 관련,11554,0.0023314048873154247,5,카이제곱 검정 / Cramér's V,90.03186863676073,1.2963920893394019e-18,0.08827382602142331,0.003937832459893748,71.0,62.0,133.0,True
59,vape,기타 설문 항목,11448,0.011484327778257475,2,카이제곱 검정 / Cramér's V,96.39376376566791,9.416328473847372e-23,0.09176132132516764,0.0036202245394588006,67.0,69.0,136.0,True
60,k10q30,주거·동네·경제,11537,0.0037993264830326057,4,카이제곱 검정 / Cramér's V,87.10687408274808,9.159072977346794e-19,0.08689199492214744,0.003681478687336823,72.0,66.0,138.0,True
61,k8q30,학교·사회생활,11554,0.0023314048873154247,4,카이제곱 검정 / Cramér's V,97.85561723292021,4.492909316908772e-21,0.09202942291326362,0.0035533829146407216,66.0,73.0,139.0,True
62,ebtcards,경제·지원,11480,0.008721181245142873,2,카이제곱 검정 / Cramér's V,133.22953485097173,8.05402864639233e-31,0.10772817727343238,0.003114498681595312,52.0,87.0,139.0,True
63,k11q60,건강·의료 관련,11521,0.005180899749589796,2,카이제곱 검정 / Cramér's V,181.18251835407565,2.6744418162553456e-41,0.12540448171360463,0.0026184163761247235,38.0,101.0,139.0,True
64,talkabout,기타 설문 항목,11507,0.006389776357827448,4,카이제곱 검정 / Cramér's V,82.66647218232157,8.221855094024069e-18,0.08475857482350208,0.0036603021883858944,74.0,67.0,141.0,True
65,k9q40,기타 설문 항목,11544,0.0031948881789137795,2,카이제곱 검정 / Cramér's V,110.61260500203997,7.194067573290889e-26,0.09788680447398516,0.003279391580399132,61.0,81.0,142.0,True
66,k7q32,학교·사회생활,8679,0.2505828512218289,2,카이제곱 검정 / Cramér's V,47.872687799542675,4.548134483094421e-12,0.0742692539867302,0.004069340195057478,86.0,58.0,144.0,True
67,hopeful,기타 설문 항목,11514,0.005785338053708622,4,카이제곱 검정 / Cramér's V,66.3600546253756,2.566807374749864e-14,0.07591721274760363,0.0035967380733134767,84.0,71.0,155.0,True
68,strengths,기타 설문 항목,11493,0.0075986529660651,4,카이제곱 검정 / Cramér's V,78.73958360693199,5.719623482481772e-17,0.08277131473325909,0.0032955857836185214,76.0,79.0,155.0,True
69,k5q31_r,건강·의료 관련,10140,0.12442794231931609,3,카이제곱 검정 / Cramér's V,51.26266182938644,7.386767333025845e-12,0.07110196433493685,0.003651673826975799,89.0,68.0,157.0,True
70,a2_born,가족·가구,9867,0.14800103617994986,2,카이제곱 검정 / Cramér's V,24.800545101739,6.357948695248184e-07,0.050134657127745584,0.005328959795916782,120.0,38.0,158.0,True
71,a1_born,가족·가구,11519,0.0053535964079095555,2,카이제곱 검정 / Cramér's V,31.418636900171478,2.0797500478450764e-08,0.052225941804085074,0.005130433907068981,117.0,41.0,158.0,True
72,higrade,기타 설문 항목,11581,0.0,3,카이제곱 검정 / Cramér's V,92.09958147651422,1.001912948980647e-20,0.08917760356062894,0.0030232840988354643,69.0,92.0,161.0,True
73,goforhelp,기타 설문 항목,11522,0.005094551420430027,4,카이제곱 검정 / Cramér's V,45.88582249378454,5.9975326797033e-10,0.0631066788511402,0.0040189860905133,104.0,59.0,163.0,True
74,k7q02r_r,학교·사회생활,8709,0.24799240134703393,6,카이제곱 검정 / Cramér's V,32.21074075087657,5.396788541761128e-06,0.060815770158523394,0.004347005804335742,110.0,55.0,165.0,True
75,k7q30,학교·사회생활,8703,0.24851049132199288,2,카이제곱 검정 / Cramér's V,46.598978284633944,8.710565656437898e-12,0.07317347928152396,0.003397811803443876,88.0,77.0,165.0,True
76,k10q31,주거·동네·경제,11525,0.004835506432950498,4,카이제곱 검정 / Cramér's V,47.158631580697026,3.2157822958696676e-10,0.06396761082585184,0.0037327384143564664,101.0,65.0,166.0,True
77,k10q40_r,주거·동네·경제,11526,0.004749158103790729,4,카이제곱 검정 / Cramér's V,71.16604903068412,2.401840326734918e-15,0.07857730329635111,0.0031387766338714087,81.0,86.0,167.0,True
78,arrangehc,기타 설문 항목,11532,0.004231068128831672,5,카이제곱 검정 / Cramér's V,122.17015187687953,1.8368589553803463e-25,0.10292721931693431,0.002284649411113975,54.0,113.0,167.0,True
79,engage_picky,기타 설문 항목,8710,0.24790605301787405,2,카이제곱 검정 / Cramér's V,41.53754885044461,1.1562857554026974e-10,0.069057579970423,0.0033789744560457097,91.0,78.0,169.0,True
80,k6q71_r,건강·의료 관련,11543,0.0032812365080735484,4,카이제곱 검정 / Cramér's V,48.107825536080625,2.0198907134596328e-10,0.06455776934083636,0.0034061714762283345,99.0,76.0,175.0,True
81,cavities,기타 설문 항목,11540,0.003540281495553077,2,카이제곱 검정 / Cramér's V,72.18998393513687,1.9544524782816018e-17,0.07909254825974336,0.0029501118831639127,80.0,96.0,176.0,True
82,k8q21,학교·사회생활,8711,0.24781970468871428,4,카이제곱 검정 / Cramér's V,59.69172760604425,6.840757706558757e-13,0.08277955117793617,0.002565692637720628,75.0,102.0,177.0,True
83,k2q30a,건강·의료 관련,11535,0.003972023141352254,2,카이제곱 검정 / Cramér's V,126.61850123594412,2.2514824084888832e-29,0.10477068535330535,0.001967126738362136,53.0,124.0,177.0,True
84,k5q20_r,건강·의료 관련,10116,0.1265003022191521,3,카이제곱 검정 / Cramér's V,30.045208081879167,2.990652556821001e-07,0.05449833042548731,0.003749926504623139,114.0,64.0,178.0,True
85,physactiv,생활습관,8705,0.24833779466367323,4,카이제곱 검정 / Cramér's V,16.458716266127084,0.0009130438585658434,0.043482408474799755,0.0040035079311038025,129.0,60.0,189.0,True
86,k4q20r,건강·의료 관련,10193,0.11985148087384512,3,카이제곱 검정 / Cramér's V,40.21116004101742,1.854631114984824e-09,0.06280905929921052,0.0031825589507700155,106.0,84.0,190.0,True
87,k8q11,학교·사회생활,11565,0.001381573266557301,4,카이제곱 검정 / Cramér's V,21.73825458233557,7.39440702148074e-05,0.0433550325619873,0.003948007942627398,130.0,61.0,191.0,True
88,recevalfasd,기타 설문 항목,11527,0.0046628097746308494,3,카이제곱 검정 / Cramér's V,113.1281845954491,2.719736572103951e-25,0.09906660097340823,0.001690646076407909,58.0,134.0,192.0,True
89,k5q40,건강·의료 관련,10119,0.12624125723167257,4,카이제곱 검정 / Cramér's V,32.801479131860575,3.546645620986078e-07,0.056934815290812096,0.0032476713261784234,112.0,83.0,195.0,True
90,k5q41,건강·의료 관련,10095,0.12831361713150846,4,카이제곱 검정 / Cramér's V,44.15995597627335,1.3956039039317839e-09,0.06613953758923939,0.0027385136452035335,98.0,98.0,196.0,True
91,athomehc,기타 설문 항목,11525,0.004835506432950498,5,카이제곱 검정 / Cramér's V,95.27112979774272,9.979091083041019e-20,0.09092015986853508,0.0018748009235300977,68.0,129.0,197.0,True
92,cuthours,기타 설문 항목,11516,0.005612641395388973,2,카이제곱 검정 / Cramér's V,106.5246752931176,5.658355174850609e-25,0.09617767659525799,0.0016067183005166828,62.0,136.0,198.0,True
93,k6q15,건강·의료 관련,11559,0.0018996632415162473,2,카이제곱 검정 / Cramér's V,79.0877762197656,5.941078855822636e-19,0.08271695720907944,0.0020489272774224304,77.0,123.0,200.0,True
94,k7q33,학교·사회생활,8694,0.24928762628443135,5,카이제곱 검정 / Cramér's V,41.03739648516323,2.6403322044176486e-08,0.06870369301068247,0.0024006989348587526,92.0,109.0,201.0,True
95,hospitaler,기타 설문 항목,11556,0.002158708228995776,4,카이제곱 검정 / Cramér's V,69.40720894536067,5.7172302716985745e-15,0.07749943274357808,0.00212788102532638,83.0,122.0,205.0,True
96,k2q36a,건강·의료 관련,11536,0.0038856748121923745,2,카이제곱 검정 / Cramér's V,75.36679639089685,3.909087766372971e-18,0.08082810628859978,0.0017991927083327855,79.0,130.0,209.0,True
97,k4q27,건강·의료 관련,11555,0.002245056558155545,2,카이제곱 검정 / Cramér's V,116.46093531725711,3.767271277996851e-27,0.10039339983807592,0.0010780525514967226,57.0,153.0,210.0,True
98,k3q21b,기타 설문 항목,8749,0.24453846818064073,4,카이제곱 검정 / Cramér's V,12.413182563716965,0.006093836659015777,0.037667115442370704,0.0034622672101031317,137.0,75.0,212.0,True
99,k5q43,건강·의료 관련,10101,0.12779552715654952,4,카이제곱 검정 / Cramér's V,44.91668377006662,9.637732407032677e-10,0.06668400212939184,0.0022739652413814077,97.0,115.0,212.0,True
100,bmiclass,기타 설문 항목,8265,0.28633105949399884,4,카이제곱 검정 / Cramér's V,14.85055831336889,0.001948914565905943,0.04238868674384692,0.0032715468617214496,131.0,82.0,213.0,True
101,k4q36,건강·의료 관련,11332,0.02150073396079788,2,카이제곱 검정 / Cramér's V,52.252484638863926,4.880415057743303e-13,0.06790475555985889,0.0021528001309826243,93.0,120.0,213.0,True
102,dentalserv6,건강·의료 관련,10471,0.09584664536741216,2,카이제곱 검정 / Cramér's V,16.131070712701,5.9106349152387727e-05,0.03924980628914203,0.00328250741383911,134.0,80.0,214.0,True
103,k10q41_r,주거·동네·경제,8689,0.24971936793023053,4,카이제곱 검정 / Cramér's V,46.67935198361202,4.06660228169203e-10,0.073295533547908,0.0019355576939331593,87.0,128.0,215.0,True
104,k5q42,건강·의료 관련,10088,0.1289180554356273,4,카이제곱 검정 / Cramér's V,38.57242367768523,2.1381292392465187e-08,0.06183522243922447,0.002442323928336202,108.0,108.0,216.0,True
105,k4q24_r,건강·의료 관련,11549,0.002763146533114602,3,카이제곱 검정 / Cramér's V,46.332876949368796,8.688475985626781e-11,0.06333918095666276,0.002277597992057837,102.0,114.0,216.0,True
106,moves,주거·동네·경제,11533,0.004144719799671903,3,카이제곱 검정 / Cramér's V,76.73383839227859,2.1749972164777562e-17,0.08156846987181199,0.0015889729490598777,78.0,138.0,216.0,True
107,k4q04_r,건강·의료 관련,11543,0.0032812365080735484,3,카이제곱 검정 / Cramér's V,6.986888477764621,0.03039600058640838,0.024602687924697168,0.00409385011764913,160.0,57.0,217.0,True
108,k7q31,학교·사회생활,8664,0.2518780761592263,2,카이제곱 검정 / Cramér's V,18.084687618441393,2.1129383514006116e-05,0.04568738318986902,0.002986044066924204,126.0,93.0,219.0,True
109,bedtime,생활습관,11525,0.004835506432950498,5,카이제곱 검정 / Cramér's V,12.518649636571867,0.01388372491865103,0.03295780466302029,0.003546562572514868,146.0,74.0,220.0,True
110,decisions_r,기타 설문 항목,10146,0.12390985234435714,2,카이제곱 검정 / Cramér's V,17.261585773417796,3.25705407280732e-05,0.041247052201797973,0.003064393814269477,132.0,89.0,221.0,True
111,k5q44,건강·의료 관련,10109,0.12710474052327092,4,카이제곱 검정 / Cramér's V,40.05259179446477,1.0385059774905043e-08,0.06294499653057992,0.0021865206535532627,105.0,119.0,224.0,True
112,allergies,건강·의료 관련,11556,0.002158708228995776,2,카이제곱 검정 / Cramér's V,22.183147877304158,2.4783966943487353e-06,0.0438134871675363,0.002889903180935537,128.0,97.0,225.0,True
113,a1_sex,가족·가구,11501,0.006907866332786505,2,카이제곱 검정 / Cramér's V,29.519278588315434,5.53632652850924e-08,0.050662319346239354,0.0024429747050812066,119.0,107.0,226.0,True
114,engage_fast,기타 설문 항목,8705,0.24833779466367323,2,카이제곱 검정 / Cramér's V,53.695179659366175,2.3413701583396427e-13,0.07853861930604855,0.001340159222810213,82.0,144.0,226.0,True
115,engage_binge,기타 설문 항목,8674,0.25101459286762806,2,카이제곱 검정 / Cramér's V,74.45313997101903,6.209483852298172e-18,0.0926470937037793,0.0008084584469725293,65.0,164.0,229.0,True
116,bodyimage,기타 설문 항목,8697,0.24902858129695193,3,카이제곱 검정 / Cramér's V,43.49127285395615,3.59741129819439e-10,0.0707157780584267,0.0014176843493599253,90.0,140.0,230.0,True
117,eyedoctor,기타 설문 항목,11552,0.0025041015456350735,2,카이제곱 검정 / Cramér's V,14.455635804752605,0.0001434998248936763,0.035374475472497766,0.0030371912875901586,142.0,90.0,232.0,True
118,hhlanguage,가족·가구,11530,0.004403764787151321,3,카이제곱 검정 / Cramér's V,18.838835023681696,8.11332647138809e-05,0.04042149461221488,0.0027050315421691925,133.0,99.0,232.0,True
119,k10q23,주거·동네·경제,11552,0.0025041015456350735,2,카이제곱 검정 / Cramér's V,52.064510897426395,5.370686924321185e-13,0.06713396631841055,0.0015941397956297902,96.0,137.0,233.0,True
120,k5q10,건강·의료 관련,11541,0.003453933166393197,2,카이제곱 검정 / Cramér's V,32.162074947098596,1.4183245395848565e-08,0.05278983557528599,0.0021883466052474215,116.0,118.0,234.0,True
121,k10q22,주거·동네·경제,11543,0.0032812365080735484,2,카이제곱 검정 / Cramér's V,40.823052506274884,1.666555344366e-10,0.05946937714932397,0.001965460187396603,111.0,125.0,236.0,True
122,evalfasd,기타 설문 항목,11555,0.002245056558155545,3,카이제곱 검정 / Cramér's V,112.18974450237542,4.348170029275057e-25,0.0985352458658033,0.0005155896521848651,59.0,177.0,236.0,True
123,engage_interest,기타 설문 항목,8705,0.24833779466367323,2,카이제곱 검정 / Cramér's V,34.778675167194464,3.6939753683917313e-09,0.06320801173525216,0.0016713134793543954,103.0,135.0,238.0,True
124,k10q20,주거·동네·경제,11545,0.0031085398497538996,2,카이제곱 검정 / Cramér's V,23.803281794484956,1.0670038339521709e-06,0.04540685791044887,0.002189302674420017,127.0,117.0,244.0,True
125,s9q34,경제·지원,11513,0.005871686382868502,2,카이제곱 검정 / Cramér's V,47.65540960587107,5.08118334774767e-12,0.06433715479547722,0.001266971650268373,100.0,147.0,247.0,True
126,visionexamrec,기타 설문 항목,7910,0.31698471634573866,2,카이제곱 검정 / Cramér's V,20.66973886160109,5.457168139711883e-06,0.0511186355483872,0.001785136630178181,118.0,131.0,249.0,True
127,toothaches,기타 설문 항목,11501,0.006907866332786505,2,카이제곱 검정 / Cramér's V,52.61445340095718,4.0589113257626087e-13,0.06763706125111568,0.00103300404707335,95.0,155.0,250.0,True
128,k3q22,기타 설문 항목,10988,0.051204559191779686,4,카이제곱 검정 / Cramér's V,13.306620284882918,0.004018330566414384,0.034799624411757546,0.002368130666839931,144.0,111.0,255.0,True
129,repeated,기타 설문 항목,8680,0.250496502892669,2,카이제곱 검정 / Cramér's V,49.04713676213456,2.49884725476538e-12,0.07517041833642171,0.0005712551998145919,85.0,174.0,259.0,True
130,k3q20,기타 설문 항목,10995,0.05060012088766086,4,카이제곱 검정 / Cramér's V,4.380047650093411,0.2232425795245773,0.019959138909790657,0.0029671611980175015,167.0,95.0,262.0,False
131,wgtconc,기타 설문 항목,11546,0.0030221915205941308,3,카이제곱 검정 / Cramér's V,25.67063354107373,2.664972630083135e-06,0.04715226040104458,0.0013799921202828419,124.0,141.0,265.0,True
132,docroom,기타 설문 항목,10180,0.12097400915292289,3,카이제곱 검정 / Cramér's V,2.3452808791852227,0.3095485170808393,0.015178314328447849,0.002972793790840284,174.0,94.0,268.0,False
133,k10q11,주거·동네·경제,11562,0.0016406182540368297,2,카이제곱 검정 / Cramér's V,6.768027951627005,0.009280532741581646,0.024194385117235158,0.0024474748757421115,162.0,106.0,268.0,True
134,videophone,기타 설문 항목,11523,0.005008203091270147,2,카이제곱 검정 / Cramér's V,17.267678406689015,3.246626831975431e-05,0.03871098258131334,0.001704770529134226,136.0,133.0,269.0,True
135,dentalserv4,건강·의료 관련,10471,0.09584664536741216,2,카이제곱 검정 / Cramér's V,0.6197673752225037,0.43113374390449366,0.007693434767257743,0.0031589506020120116,185.0,85.0,270.0,False
136,gowhensick,기타 설문 항목,9590,0.17191952335722305,8,카이제곱 검정 / Cramér's V,21.83435851550254,0.002712904766607653,0.047715657758853273,0.0012553458972119698,123.0,148.0,271.0,True
137,concussion,기타 설문 항목,11534,0.004058371470512023,2,카이제곱 검정 / Cramér's V,35.69434797035663,2.308327489497292e-09,0.05563008877743078,0.0009218763387047848,113.0,159.0,272.0,True
138,k10q14,주거·동네·경제,11535,0.003972023141352254,2,카이제곱 검정 / Cramér's V,3.165898330359359,0.0751910587870095,0.01656684017414962,0.0026344505129615695,173.0,100.0,273.0,False
139,gumbleed,기타 설문 항목,11499,0.007080562991106154,2,카이제곱 검정 / Cramér's V,52.843397931889236,3.6123084696650585e-13,0.0677899527053184,0.00047117315240087813,94.0,179.0,273.0,True
140,k2q37a,건강·의료 관련,11552,0.0025041015456350735,2,카이제곱 검정 / Cramér's V,17.47827298164974,2.906099398973632e-05,0.03889740859268021,0.0015799063942019045,135.0,139.0,274.0,True
141,dentalserv3,건강·의료 관련,10471,0.09584664536741216,2,카이제곱 검정 / Cramér's V,0.004131262319672872,0.9487513418067964,0.0006281267747215041,0.003581296979275288,203.0,72.0,275.0,False
142,k8q35,학교·사회생활,11531,0.004317416457991552,2,카이제곱 검정 / Cramér's V,12.22148788461943,0.00047242240638434464,0.03255581371098685,0.001948915685336506,148.0,127.0,275.0,True
143,physicalpain,기타 설문 항목,11521,0.005180899749589796,2,카이제곱 검정 / Cramér's V,44.74989924780744,2.2387846644349502e-11,0.06232337197944478,0.0006291984926112832,107.0,172.0,279.0,True
144,k10q13,주거·동네·경제,11527,0.0046628097746308494,2,카이제곱 검정 / Cramér's V,0.33220677601748316,0.5643625386403308,0.0053684151917154635,0.0030274123921845498,189.0,91.0,280.0,False
145,dentistvisit,기타 설문 항목,10701,0.07598652966065111,3,카이제곱 검정 / Cramér's V,3.670349163531503,0.15958563859341343,0.01852002243670662,0.0023412258858125385,169.0,112.0,281.0,False
146,s4q01,기타 설문 항목,11569,0.0010361799499180036,2,카이제곱 검정 / Cramér's V,6.210548201275145,0.012699129750792288,0.0231695211305625,0.002146111492874625,163.0,121.0,284.0,True
147,avoidchg,기타 설문 항목,11520,0.005267248078749676,2,카이제곱 검정 / Cramér's V,15.10115817450259,0.00010190075152188033,0.03620586174737478,0.0013220338437592333,140.0,145.0,285.0,True
148,stopwork,기타 설문 항목,11529,0.004490113116311201,2,카이제곱 검정 / Cramér's V,43.21732904754274,4.898491016129493e-11,0.061225612964240485,0.0005324205956520147,109.0,176.0,285.0,True
149,stomach,기타 설문 항목,11493,0.0075986529660651,2,카이제곱 검정 / Cramér's V,25.425119287546824,4.5989073091472245e-07,0.047034312057329386,0.0007973364712605701,125.0,165.0,290.0,True
150,k10q12,주거·동네·경제,11554,0.0023314048873154247,2,카이제곱 검정 / Cramér's V,0.33247215019394416,0.5642070097112166,0.005364280194717505,0.0024566733812491134,190.0,105.0,295.0,False
151,k3q04_r,기타 설문 항목,11548,0.002849494862274371,3,카이제곱 검정 / Cramér's V,10.262897115674875,0.005907996198058871,0.029811347019638213,0.0013768594253303023,153.0,142.0,295.0,True
152,k4q30_r_2,건강·의료 관련,11564,0.00146792159571707,2,카이제곱 검정 / Cramér's V,10.644809092134263,0.0011038027524448346,0.030339952535093754,0.0013440098405391996,152.0,143.0,295.0,True
153,visionscreenother,기타 설문 항목,11563,0.0015542699248769498,2,카이제곱 검정 / Cramér's V,0.28917290267257134,0.5907510417714537,0.005000846617527122,0.0024615106836478455,193.0,104.0,297.0,False
154,dentalserv5,건강·의료 관련,10471,0.09584664536741216,2,카이제곱 검정 / Cramér's V,0.40242082924145406,0.5258416807789085,0.006199349854247771,0.002376372218984831,187.0,110.0,297.0,False
155,k7q37,학교·사회생활,8671,0.2512736378551075,2,카이제곱 검정 / Cramér's V,3.9857949159636155,0.04588544473110703,0.02143990621693858,0.001749457141700677,166.0,132.0,298.0,True
156,a1_active,가족·가구,11525,0.004835506432950498,4,카이제곱 검정 / Cramér's V,14.521131359676257,0.002275163945930938,0.03549602814195939,0.0010176030590183691,141.0,157.0,298.0,True
157,headache,기타 설문 항목,11543,0.0032812365080735484,2,카이제곱 검정 / Cramér's V,27.216775260117135,1.8187377041747757e-07,0.048557798182882014,0.0005146573739555268,121.0,178.0,299.0,True
158,insgap,기타 설문 항목,11512,0.005958034712028271,3,카이제곱 검정 / Cramér's V,10.14727242069038,0.006259617422557138,0.02968925292281484,0.0013003129597643729,154.0,146.0,300.0,True
159,a2_active,가족·가구,9920,0.1434245747344789,4,카이제곱 검정 / Cramér's V,9.63793781084251,0.02190831779425423,0.031169958478908275,0.0012133821365296641,151.0,149.0,300.0,True
160,breathing,기타 설문 항목,11540,0.003540281495553077,2,카이제곱 검정 / Cramér's V,16.14748804537893,5.859622957506536e-05,0.03740671591590774,0.0008605915217757181,138.0,162.0,300.0,True
161,k2q60a,건강·의료 관련,11537,0.0037993264830326057,2,카이제곱 검정 / Cramér's V,26.98112839714951,2.0545158796417754e-07,0.04835970110991734,0.0002402113162043664,122.0,183.0,305.0,True
162,k2q40a,건강·의료 관련,11488,0.008030394611864278,2,카이제곱 검정 / Cramér's V,8.511818293198589,0.003528473135460419,0.02722005250018248,0.0011382896726694631,158.0,151.0,309.0,True
163,k2q35a,건강·의료 관련,11539,0.003626629824712846,2,카이제곱 검정 / Cramér's V,12.102531278246767,0.0005035341947316776,0.032385754559427236,0.0009083210480811108,149.0,160.0,309.0,True
164,overweight,기타 설문 항목,11530,0.004403764787151321,2,카이제곱 검정 / Cramér's V,15.800591996667631,7.038048377584627e-05,0.03701877350856885,0.0006556136733909643,139.0,170.0,309.0,True
165,fasd,건강·의료 관련,11544,0.0031948881789137795,2,카이제곱 검정 / Cramér's V,32.38630990767551,1.2637364426055782e-08,0.05296665839204218,6.61582969085574e-05,115.0,196.0,311.0,True
166,a2_sex,가족·가구,9881,0.14679215957171232,2,카이제곱 검정 / Cramér's V,0.28008152717262313,0.596647785921252,0.005324045805185878,0.0019614918356816845,191.0,126.0,317.0,False
167,birthwt,기타 설문 항목,11111,0.040583714705120455,3,카이제곱 검정 / Cramér's V,8.882658614972335,0.011780268507810457,0.02827449857769733,0.000900182418612457,156.0,161.0,317.0,True
168,usualsick,기타 설문 항목,10846,0.06346602193247564,2,카이제곱 검정 / Cramér's V,5.253960686717697,0.02189687496356937,0.022009420574332684,0.0010467992217860632,165.0,154.0,319.0,True
169,k4q01,건강·의료 관련,11552,0.0025041015456350735,2,카이제곱 검정 / Cramér's V,0.004059718932715606,0.9491964252330178,0.0005928152857442907,0.0022238897815854363,204.0,116.0,320.0,False
170,heart,건강·의료 관련,11559,0.0018996632415162473,2,카이제곱 검정 / Cramér's V,12.28878508702058,0.0004556882753293599,0.03260576113820045,0.00042951907673575453,147.0,180.0,327.0,True
171,dressing,기타 설문 항목,8686,0.24997841291771006,2,카이제곱 검정 / Cramér's V,10.747705627770477,0.0010440868182308057,0.03517612281602071,0.00019903890872869368,143.0,184.0,327.0,True
172,k9q96,기타 설문 항목,8692,0.2494603229427511,2,카이제곱 검정 / Cramér's V,4.573785871344272,0.032464743983689336,0.02293918878001101,0.0007251322091243516,164.0,166.0,330.0,True
173,k2q05,건강·의료 관련,11480,0.008721181245142873,2,카이제곱 검정 / Cramér's V,1.1411673841606513,0.28540578847092074,0.009970196808701317,0.0012133802412372325,181.0,150.0,331.0,False
174,k4q30_r_1,건강·의료 관련,11564,0.00146792159571707,2,카이제곱 검정 / Cramér's V,1.3863032107777788,0.2390303921887643,0.010949015562274443,0.001124447050816024,180.0,152.0,332.0,False
175,birthwt_l,기타 설문 항목,11111,0.040583714705120455,2,카이제곱 검정 / Cramér's V,3.5247828947237907,0.0604577427333149,0.017811053670725652,0.0008589346408558144,171.0,163.0,334.0,False
176,dentalserv7,건강·의료 관련,10471,0.09584664536741216,2,카이제곱 검정 / Cramér's V,11.590445644520173,0.0006629152423007342,0.03327024411963309,0.00012036703670964668,145.0,192.0,337.0,True
177,swallowing,기타 설문 항목,11503,0.0067351696744667455,2,카이제곱 검정 / Cramér's V,9.826319886224244,0.001720322056029238,0.029227380205023204,0.00019174021806198303,155.0,185.0,340.0,True
178,dentalserv1,건강·의료 관련,10471,0.09584664536741216,2,카이제곱 검정 / Cramér's V,1.958331310170705,0.16169189431674086,0.013675682326483776,0.0007049168326901451,176.0,167.0,343.0,False
179,k7q38,학교·사회생활,8638,0.25412313271738196,2,카이제곱 검정 / Cramér's V,0.44356539230103903,0.5054065934015768,0.0071659244871558085,0.0009373461521670698,186.0,158.0,344.0,False
180,blindness,기타 설문 항목,11538,0.003712978153872726,2,카이제곱 검정 / Cramér's V,9.035166705378296,0.002648349026785721,0.027983550602040434,0.00015712074195235604,157.0,189.0,346.0,True
181,dentalserv2,건강·의료 관련,10471,0.09584664536741216,2,카이제곱 검정 / Cramér's V,1.8779926838869718,0.17056246778761722,0.013392229040427882,0.0006800344705455816,178.0,169.0,347.0,False
182,k11q03r,건강·의료 관련,10992,0.05085916587514028,2,카이제곱 검정 / Cramér's V,6.540050616029554,0.010547234813022194,0.024392268667449667,0.00016570741303438406,161.0,188.0,349.0,True
183,birthwt_vl,기타 설문 항목,11111,0.040583714705120455,2,카이제곱 검정 / Cramér's V,6.849951413843824,0.00886436832224627,0.02482945412738401,0.00014860505724361496,159.0,190.0,349.0,True
184,diabetes,건강·의료 관련,11559,0.0018996632415162473,2,카이제곱 검정 / Cramér's V,11.951963106427973,0.0005458983271027792,0.032155812680795086,0.0,150.0,201.0,351.0,True
185,k12q04,건강·의료 관련,10992,0.05085916587514028,2,카이제곱 검정 / Cramér's V,1.787136445414244,0.18127544817110447,0.012750889904634197,0.0006015834506186835,179.0,173.0,352.0,False
186,usualgo,기타 설문 항목,11514,0.005785338053708622,2,카이제곱 검정 / Cramér's V,2.082887200332986,0.14895819195161217,0.013449921915853478,0.0005380506299427559,177.0,175.0,352.0,False
187,k4q30_r_3,건강·의료 관련,11564,0.00146792159571707,2,카이제곱 검정 / Cramér's V,0.1154682009078817,0.7340025368850037,0.0031599277883290803,0.0010277728546618742,198.0,156.0,354.0,False
188,bornusa,기타 설문 항목,11545,0.0031085398497538996,2,카이제곱 검정 / Cramér's V,2.228205709076095,0.13551113525160108,0.013892508548499265,0.00033252403550451963,175.0,182.0,357.0,False
189,k2q38a,건강·의료 관련,11501,0.006907866332786505,2,카이제곱 검정 / Cramér's V,3.7116350813663748,0.05403443430936877,0.017964487573743415,9.067985039956186e-05,170.0,193.0,363.0,False
190,engage_noeat,기타 설문 항목,8698,0.24894223296779205,2,카이제곱 검정 / Cramér's V,3.1458018467108992,0.07612257700547732,0.019017611879258763,4.3115397875035256e-05,168.0,197.0,365.0,False
191,currcov,기타 설문 항목,11549,0.002763146533114602,2,카이제곱 검정 / Cramér's V,0.2232777103704357,0.6365537365801804,0.004396939544136018,0.0006479938210305195,195.0,171.0,366.0,False
192,k2q43b,건강·의료 관련,11535,0.003972023141352254,2,카이제곱 검정 / Cramér's V,3.296903047502524,0.06941063270736422,0.01690613328508369,7.161727097198713e-05,172.0,195.0,367.0,False
193,currins,기타 설문 항목,11549,0.002763146533114602,2,카이제곱 검정 / Cramér's V,0.022394534337676377,0.8810423085293827,0.00139251161874375,0.000682873438329118,201.0,168.0,369.0,False
194,k2q42a,건강·의료 관련,11502,0.006821518003626625,2,카이제곱 검정 / Cramér's V,0.9923654359660269,0.31916492771443483,0.00928857587569118,0.00017229946377321997,182.0,187.0,369.0,False
195,hccovoth,기타 설문 항목,10992,0.05085916587514028,2,카이제곱 검정 / Cramér's V,0.41160827927116417,0.5211543330514969,0.0061193274185946875,0.00017849722560678863,188.0,186.0,374.0,False
196,hospitalstay,기타 설문 항목,11549,0.002763146533114602,2,카이제곱 검정 / Cramér's V,0.8088352526837096,0.3684648327833103,0.008368697022268442,0.00012827213109515624,184.0,191.0,375.0,False
197,tricare,기타 설문 항목,10992,0.05085916587514028,2,카이제곱 검정 / Cramér's V,0.12121466760919854,0.7277208004216857,0.003320773292901154,0.00040555388204936227,197.0,181.0,378.0,False
198,autoimmune,기타 설문 항목,11543,0.0032812365080735484,2,카이제곱 검정 / Cramér's V,0.9299692759670275,0.33487090882672554,0.008975836902236923,2.9224230423934033e-05,183.0,198.0,381.0,False
199,engage_purg,기타 설문 항목,8684,0.2501511095760297,2,카이제곱 검정 / Cramér's V,0.22764768768535684,0.6332735447250114,0.005120020670216581,5.7220722647550435e-06,192.0,199.0,391.0,False
200,downsyn,기타 설문 항목,11543,0.0032812365080735484,2,카이제곱 검정 / Cramér's V,0.24779255360767166,0.618633715085926,0.004633239794608135,0.0,194.0,201.0,395.0,False
201,engage_exercise,기타 설문 항목,8679,0.2505828512218289,2,카이제곱 검정 / Cramér's V,0.11893822100090523,0.7301889396148069,0.003701910161117445,0.0,196.0,201.0,397.0,False
202,walkstairs,기타 설문 항목,8685,0.2500647612468698,2,카이제곱 검정 / Cramér's V,0.001993409420218817,0.964388190131857,0.00047908584753211325,8.728649129966144e-05,205.0,194.0,399.0,False
203,k2q61a,건강·의료 관련,11498,0.007166911320265923,2,카이제곱 검정 / Cramér's V,0.06494843508759318,0.7988390879866458,0.0023766935825686405,0.0,199.0,201.0,400.0,False
204,cystfib,기타 설문 항목,11567,0.0012088766082376523,2,카이제곱 검정 / Cramér's V,0.06270382536160433,0.8022723702117096,0.002328287735623942,0.0,200.0,201.0,401.0,False
205,engage_pills,기타 설문 항목,8703,0.24851049132199288,2,카이제곱 검정 / Cramér's V,0.004418816377224163,0.9470003149803282,0.0007125551539598156,0.0,202.0,201.0,403.0,False
206,blood,기타 설문 항목,11532,0.004231068128831672,2,카이제곱 검정 / Cramér's V,0.0,1.0,0.0,4.657263189007278e-19,206.0,200.0,406.0,False
